model_name,acc,precision,recall,f1,roc_auc
LogisticRegression,0.5167936776742873,0.25839683883714365,0.5,0.3407145515444734,0.5
RandomForestClassifier,0.7005362686988428,0.7003552914135358,0.7005492121663766,0.7003757733961682,0.7005492121663766
SVC,0.6748518204911093,0.6913699413699415,0.6793058412491004,0.6708844264997023,0.6793058412491004
XGBClassifier,0.7109793959920971,0.7117999637587764,0.7117918557348265,0.7109793729677918,0.7117918557348265
